object_id,sepal_length,sepal_width,petal_length,petal_width,true_class,predicted_class,correct,subset
0,5.1,3.5,1.4,0.2,setosa,setosa,True,весь датасет
1,4.9,3.0,1.4,0.2,setosa,setosa,True,весь датасет
2,4.7,3.2,1.3,0.2,setosa,setosa,True,весь датасет
3,4.6,3.1,1.5,0.2,setosa,setosa,True,весь датасет
4,5.0,3.6,1.4,0.2,setosa,setosa,True,весь датасет
5,5.4,3.9,1.7,0.4,setosa,setosa,True,весь датасет
6,4.6,3.4,1.4,0.3,setosa,setosa,True,весь датасет
7,5.0,3.4,1.5,0.2,setosa,setosa,True,весь датасет
8,4.4,2.9,1.4,0.2,setosa,setosa,True,весь датасет
9,4.9,3.1,1.5,0.1,setosa,setosa,True,весь датасет
10,5.4,3.7,1.5,0.2,setosa,setosa,True,весь датасет
11,4.8,3.4,1.6,0.2,setosa,setosa,True,весь датасет
12,4.8,3.0,1.4,0.1,setosa,setosa,True,весь датасет
13,4.3,3.0,1.1,0.1,setosa,setosa,True,весь датасет
14,5.8,4.0,1.2,0.2,setosa,setosa,True,весь датасет
15,5.7,4.4,1.5,0.4,setosa,setosa,True,весь датасет
16,5.4,3.9,1.3,0.4,setosa,setosa,True,весь датасет
17,5.1,3.5,1.4,0.3,setosa,setosa,True,весь датасет
18,5.7,3.8,1.7,0.3,setosa,setosa,True,весь датасет
19,5.1,3.8,1.5,0.3,setosa,setosa,True,весь датасет
20,5.4,3.4,1.7,0.2,setosa,setosa,True,весь датасет
21,5.1,3.7,1.5,0.4,setosa,setosa,True,весь датасет
22,4.6,3.6,1.0,0.2,setosa,setosa,True,весь датасет
23,5.1,3.3,1.7,0.5,setosa,setosa,True,весь датасет
24,4.8,3.4,1.9,0.2,setosa,setosa,True,весь датасет
25,5.0,3.0,1.6,0.2,setosa,setosa,True,весь датасет
26,5.0,3.4,1.6,0.4,setosa,setosa,True,весь датасет
27,5.2,3.5,1.5,0.2,setosa,setosa,True,весь датасет
28,5.2,3.4,1.4,0.2,setosa,setosa,True,весь датасет
29,4.7,3.2,1.6,0.2,setosa,setosa,True,весь датасет
30,4.8,3.1,1.6,0.2,setosa,setosa,True,весь датасет
31,5.4,3.4,1.5,0.4,setosa,setosa,True,весь датасет
32,5.2,4.1,1.5,0.1,setosa,setosa,True,весь датасет
33,5.5,4.2,1.4,0.2,setosa,setosa,True,весь датасет
34,4.9,3.1,1.5,0.1,setosa,setosa,True,весь датасет
35,5.0,3.2,1.2,0.2,setosa,setosa,True,весь датасет
36,5.5,3.5,1.3,0.2,setosa,setosa,True,весь датасет
37,4.9,3.1,1.5,0.1,setosa,setosa,True,весь датасет
38,4.4,3.0,1.3,0.2,setosa,setosa,True,весь датасет
39,5.1,3.4,1.5,0.2,setosa,setosa,True,весь датасет
40,5.0,3.5,1.3,0.3,setosa,setosa,True,весь датасет
41,4.5,2.3,1.3,0.3,setosa,setosa,True,весь датасет
42,4.4,3.2,1.3,0.2,setosa,setosa,True,весь датасет
43,5.0,3.5,1.6,0.6,setosa,setosa,True,весь датасет
44,5.1,3.8,1.9,0.4,setosa,setosa,True,весь датасет
45,4.8,3.0,1.4,0.3,setosa,setosa,True,весь датасет
46,5.1,3.8,1.6,0.2,setosa,setosa,True,весь датасет
47,4.6,3.2,1.4,0.2,setosa,setosa,True,весь датасет
48,5.3,3.7,1.5,0.2,setosa,setosa,True,весь датасет
49,5.0,3.3,1.4,0.2,setosa,setosa,True,весь датасет
50,7.0,3.2,4.7,1.4,versicolor,versicolor,True,весь датасет
51,6.4,3.2,4.5,1.5,versicolor,versicolor,True,весь датасет
52,6.9,3.1,4.9,1.5,versicolor,versicolor,True,весь датасет
53,5.5,2.3,4.0,1.3,versicolor,versicolor,True,весь датасет
54,6.5,2.8,4.6,1.5,versicolor,versicolor,True,весь датасет
55,5.7,2.8,4.5,1.3,versicolor,versicolor,True,весь датасет
56,6.3,3.3,4.7,1.6,versicolor,versicolor,True,весь датасет
57,4.9,2.4,3.3,1.0,versicolor,versicolor,True,весь датасет
58,6.6,2.9,4.6,1.3,versicolor,versicolor,True,весь датасет
59,5.2,2.7,3.9,1.4,versicolor,versicolor,True,весь датасет
60,5.0,2.0,3.5,1.0,versicolor,versicolor,True,весь датасет
61,5.9,3.0,4.2,1.5,versicolor,versicolor,True,весь датасет
62,6.0,2.2,4.0,1.0,versicolor,versicolor,True,весь датасет
63,6.1,2.9,4.7,1.4,versicolor,versicolor,True,весь датасет
64,5.6,2.9,3.6,1.3,versicolor,versicolor,True,весь датасет
65,6.7,3.1,4.4,1.4,versicolor,versicolor,True,весь датасет
66,5.6,3.0,4.5,1.5,versicolor,versicolor,True,весь датасет
67,5.8,2.7,4.1,1.0,versicolor,versicolor,True,весь датасет
68,6.2,2.2,4.5,1.5,versicolor,versicolor,True,весь датасет
69,5.6,2.5,3.9,1.1,versicolor,versicolor,True,весь датасет
70,5.9,3.2,4.8,1.8,versicolor,virginica,False,весь датасет
71,6.1,2.8,4.0,1.3,versicolor,versicolor,True,весь датасет
72,6.3,2.5,4.9,1.5,versicolor,versicolor,True,весь датасет
73,6.1,2.8,4.7,1.2,versicolor,versicolor,True,весь датасет
74,6.4,2.9,4.3,1.3,versicolor,versicolor,True,весь датасет
75,6.6,3.0,4.4,1.4,versicolor,versicolor,True,весь датасет
76,6.8,2.8,4.8,1.4,versicolor,versicolor,True,весь датасет
77,6.7,3.0,5.0,1.7,versicolor,virginica,False,весь датасет
78,6.0,2.9,4.5,1.5,versicolor,versicolor,True,весь датасет
79,5.7,2.6,3.5,1.0,versicolor,versicolor,True,весь датасет
80,5.5,2.4,3.8,1.1,versicolor,versicolor,True,весь датасет
81,5.5,2.4,3.7,1.0,versicolor,versicolor,True,весь датасет
82,5.8,2.7,3.9,1.2,versicolor,versicolor,True,весь датасет
83,6.0,2.7,5.1,1.6,versicolor,virginica,False,весь датасет
84,5.4,3.0,4.5,1.5,versicolor,versicolor,True,весь датасет
85,6.0,3.4,4.5,1.6,versicolor,versicolor,True,весь датасет
86,6.7,3.1,4.7,1.5,versicolor,versicolor,True,весь датасет
87,6.3,2.3,4.4,1.3,versicolor,versicolor,True,весь датасет
88,5.6,3.0,4.1,1.3,versicolor,versicolor,True,весь датасет
89,5.5,2.5,4.0,1.3,versicolor,versicolor,True,весь датасет
90,5.5,2.6,4.4,1.2,versicolor,versicolor,True,весь датасет
91,6.1,3.0,4.6,1.4,versicolor,versicolor,True,весь датасет
92,5.8,2.6,4.0,1.2,versicolor,versicolor,True,весь датасет
93,5.0,2.3,3.3,1.0,versicolor,versicolor,True,весь датасет
94,5.6,2.7,4.2,1.3,versicolor,versicolor,True,весь датасет
95,5.7,3.0,4.2,1.2,versicolor,versicolor,True,весь датасет
96,5.7,2.9,4.2,1.3,versicolor,versicolor,True,весь датасет
97,6.2,2.9,4.3,1.3,versicolor,versicolor,True,весь датасет
98,5.1,2.5,3.0,1.1,versicolor,versicolor,True,весь датасет
99,5.7,2.8,4.1,1.3,versicolor,versicolor,True,весь датасет
100,6.3,3.3,6.0,2.5,virginica,virginica,True,весь датасет
101,5.8,2.7,5.1,1.9,virginica,virginica,True,весь датасет
102,7.1,3.0,5.9,2.1,virginica,virginica,True,весь датасет
103,6.3,2.9,5.6,1.8,virginica,virginica,True,весь датасет
104,6.5,3.0,5.8,2.2,virginica,virginica,True,весь датасет
105,7.6,3.0,6.6,2.1,virginica,virginica,True,весь датасет
106,4.9,2.5,4.5,1.7,virginica,versicolor,False,весь датасет
107,7.3,2.9,6.3,1.8,virginica,virginica,True,весь датасет
108,6.7,2.5,5.8,1.8,virginica,virginica,True,весь датасет
109,7.2,3.6,6.1,2.5,virginica,virginica,True,весь датасет
110,6.5,3.2,5.1,2.0,virginica,virginica,True,весь датасет
111,6.4,2.7,5.3,1.9,virginica,virginica,True,весь датасет
112,6.8,3.0,5.5,2.1,virginica,virginica,True,весь датасет
113,5.7,2.5,5.0,2.0,virginica,virginica,True,весь датасет
114,5.8,2.8,5.1,2.4,virginica,virginica,True,весь датасет
115,6.4,3.2,5.3,2.3,virginica,virginica,True,весь датасет
116,6.5,3.0,5.5,1.8,virginica,virginica,True,весь датасет
117,7.7,3.8,6.7,2.2,virginica,virginica,True,весь датасет
118,7.7,2.6,6.9,2.3,virginica,virginica,True,весь датасет
119,6.0,2.2,5.0,1.5,virginica,virginica,True,весь датасет
120,6.9,3.2,5.7,2.3,virginica,virginica,True,весь датасет
121,5.6,2.8,4.9,2.0,virginica,virginica,True,весь датасет
122,7.7,2.8,6.7,2.0,virginica,virginica,True,весь датасет
123,6.3,2.7,4.9,1.8,virginica,virginica,True,весь датасет
124,6.7,3.3,5.7,2.1,virginica,virginica,True,весь датасет
125,7.2,3.2,6.0,1.8,virginica,virginica,True,весь датасет
126,6.2,2.8,4.8,1.8,virginica,virginica,True,весь датасет
127,6.1,3.0,4.9,1.8,virginica,virginica,True,весь датасет
128,6.4,2.8,5.6,2.1,virginica,virginica,True,весь датасет
129,7.2,3.0,5.8,1.6,virginica,virginica,True,весь датасет
130,7.4,2.8,6.1,1.9,virginica,virginica,True,весь датасет
131,7.9,3.8,6.4,2.0,virginica,virginica,True,весь датасет
132,6.4,2.8,5.6,2.2,virginica,virginica,True,весь датасет
133,6.3,2.8,5.1,1.5,virginica,virginica,True,весь датасет
134,6.1,2.6,5.6,1.4,virginica,virginica,True,весь датасет
135,7.7,3.0,6.1,2.3,virginica,virginica,True,весь датасет
136,6.3,3.4,5.6,2.4,virginica,virginica,True,весь датасет
137,6.4,3.1,5.5,1.8,virginica,virginica,True,весь датасет
138,6.0,3.0,4.8,1.8,virginica,virginica,True,весь датасет
139,6.9,3.1,5.4,2.1,virginica,virginica,True,весь датасет
140,6.7,3.1,5.6,2.4,virginica,virginica,True,весь датасет
141,6.9,3.1,5.1,2.3,virginica,virginica,True,весь датасет
142,5.8,2.7,5.1,1.9,virginica,virginica,True,весь датасет
143,6.8,3.2,5.9,2.3,virginica,virginica,True,весь датасет
144,6.7,3.3,5.7,2.5,virginica,virginica,True,весь датасет
145,6.7,3.0,5.2,2.3,virginica,virginica,True,весь датасет
146,6.3,2.5,5.0,1.9,virginica,virginica,True,весь датасет
147,6.5,3.0,5.2,2.0,virginica,virginica,True,весь датасет
148,6.2,3.4,5.4,2.3,virginica,virginica,True,весь датасет
149,5.9,3.0,5.1,1.8,virginica,virginica,True,весь датасет
