stage,time_ms,peak_memory_kb,note
Анализ датасета,39.111,83.54,178 объектов
Прогноз по ручным правилам,0.444,12.83,3 правил
Обучение дерева (глубина 3),2.415,26.52,листьев: 7
Обучение дерева (глубина 5),2.257,26.42,листьев: 8
Обучение дерева (глубина 7),2.361,26.55,листьев: 8
Обучение дерева (глубина 10),3.135,26.33,листьев: 8
Обучение дерева (глубина без ограничения),2.75,26.63,листьев: 8
Обучение: Линейная регрессия (MSE),77.873,124.57,"100 итераций, lr=0.1"
Обучение: Softmax-регрессия (log-loss),98.208,136.07,"100 итераций, lr=0.5"
